{"info": {"type": "points", "kd_tree_node_capacity": 24, "quad_tree_node_capacity": 24, "r_tree_linear_node_capacity": 24, "r_tree_quadratic_node_capacity": 24, "grid_dimension_size": 100, "kd_tree_max_depth": 14, "quad_tree_max_depth": 14, "space_size": 10000, "num_entries": 10000}, "uniform": {"count": 10, "value": {"kd_tree": 0.08662281036376952, "quad_tree": 0.039106822013854986, "grid": 0.015955877304077146, "r_tree_l": 2.999021291732788, "r_tree_q": 8.070014882087706, "brute_force": 0.0006004095077514649}}, "sparse": {"count": 10, "value": {"kd_tree": 0.0863271951675415, "quad_tree": 0.038205718994140624, "grid": 0.013506031036376953, "r_tree_l": 2.881741547584534, "r_tree_q": 8.002007007598877, "brute_force": 0.0008022785186767578}}, "tight": {"count": 10, "value": {"kd_tree": 0.13093800544738768, "quad_tree": 0.04140739440917968, "grid": 0.02160663604736328, "r_tree_l": 2.9303159952163695, "r_tree_q": 8.903415727615357, "brute_force": 0.0006002187728881836}}}