{"info": {"type": "polygons", "kd_tree_node_capacity": 24, "quad_tree_node_capacity": 24, "r_tree_linear_node_capacity": 24, "r_tree_quadratic_node_capacity": 24, "grid_dimension_size": 100, "kd_tree_max_depth": 14, "quad_tree_max_depth": 14, "space_size": 10000, "num_entries": 10000, "min_length_polygon": 10, "max_length_polygon": 100}, "uniform": {"count": 10, "value": {"kd_tree": 0.07074542045593263, "quad_tree": 0.03711011409759521, "grid": 0.019206333160400393, "r_tree_l": 2.9024352312088015, "r_tree_q": 8.057655024528504, "brute_force": 0.0009010553359985352}}, "sparse": {"count": 10, "value": {"kd_tree": 0.07602899074554442, "quad_tree": 0.036204957962036134, "grid": 0.020706009864807126, "r_tree_l": 2.7723154783248902, "r_tree_q": 7.993592500686646, "brute_force": 0.0005995512008666993}}, "tight": {"count": 10, "value": {"kd_tree": 0.09866018295288086, "quad_tree": 0.03514025211334229, "grid": 0.01777820587158203, "r_tree_l": 2.9155814647674565, "r_tree_q": 9.384862160682678, "brute_force": 0.000500941276550293}}}