{"info": {"type": "points", "kd_tree_node_capacity": 16, "quad_tree_node_capacity": 16, "r_tree_linear_node_capacity": 16, "r_tree_quadratic_node_capacity": 16, "grid_dimension_size": 2500, "kd_tree_max_depth": 14, "quad_tree_max_depth": 14, "space_size": 10000, "num_entries": 100000}, "uniform": {"count": 100, "value": {"kd_tree": 0.01037024736404419, "quad_tree": 0.00035651445388793944, "grid": 8.584260940551758e-05, "r_tree_l": 0.001341540813446045, "r_tree_q": 0.0011360764503479004, "brute_force": 0.3293596220016479}}, "sparse": {"count": 100, "value": {"kd_tree": 0.0001008749008178711, "quad_tree": 0.0001578664779663086, "grid": 0.008010511398315429, "r_tree_l": 0.0003137969970703125, "r_tree_q": 0.00021844625473022461, "brute_force": 0.0008543753623962403}}, "tight": {"count": 100, "value": {"kd_tree": 0.0007216143608093262, "quad_tree": 0.00040151596069335936, "grid": 7.514238357543946e-05, "r_tree_l": 0.0038809418678283692, "r_tree_q": 0.002438509464263916, "brute_force": 3.2642860651016234}}}