{"info": {"type": "polygons", "kd_tree_node_capacity": 16, "quad_tree_node_capacity": 16, "r_tree_linear_node_capacity": 16, "r_tree_quadratic_node_capacity": 16, "grid_dimension_size": 2500, "kd_tree_max_depth": 14, "quad_tree_max_depth": 14, "space_size": 10000, "num_entries": 100000, "min_length_polygon": 1, "max_length_polygon": 5}, "uniform": {"count": 100, "value": {"kd_tree": 0.01817925214767456, "quad_tree": 0.0009245705604553222, "grid": 8.254051208496093e-05, "r_tree_l": 0.0011450648307800293, "r_tree_q": 0.001121518611907959, "brute_force": 0.3522573280334473}}, "sparse": {"count": 100, "value": {"kd_tree": 0.00010393142700195313, "quad_tree": 0.00017223834991455077, "grid": 0.007897186279296874, "r_tree_l": 0.00023740768432617187, "r_tree_q": 0.0002440047264099121, "brute_force": 0.0009277200698852539}}, "tight": {"count": 100, "value": {"kd_tree": 0.006340112686157227, "quad_tree": 0.00722313404083252, "grid": 8.616209030151367e-05, "r_tree_l": 0.003353085517883301, "r_tree_q": 0.002163255214691162, "brute_force": 3.4541666460037233}}}