{"info": {"type": "polygons", "min_length_range": 10, "max_length_range": 100, "kd_tree_node_capacity": 16, "quad_tree_node_capacity": 16, "r_tree_linear_node_capacity": 16, "r_tree_quadratic_node_capacity": 16, "grid_dimension_size": 2500, "kd_tree_max_depth": 14, "quad_tree_max_depth": 14, "space_size": 10000, "num_entries": 100000, "min_length_polygon": 1, "max_length_polygon": 5}, "uniform": {"count": 100, "value": {"kd_tree": 0.0004486203193664551, "quad_tree": 7.086277008056641e-05, "grid": 0.00012416601181030273, "r_tree_l": 7.09676742553711e-05, "r_tree_q": 6.55364990234375e-05, "brute_force": 0.01188262939453125}}, "sparse": {"count": 100, "value": {"kd_tree": 1.70135498046875e-05, "quad_tree": 1.3706684112548829e-05, "grid": 8.365154266357422e-05, "r_tree_l": 1.3854503631591797e-05, "r_tree_q": 1.3797283172607421e-05, "brute_force": 3.912925720214844e-05}}, "tight": {"count": 100, "value": {"kd_tree": 0.0006498384475708008, "quad_tree": 0.0005599164962768555, "grid": 0.0003580331802368164, "r_tree_l": 0.00038970947265625, "r_tree_q": 0.0004018950462341309, "brute_force": 0.12190567016601563}}}