{"info": {"type": "points", "min_length_range": 10, "max_length_range": 100, "kd_tree_node_capacity": 16, "quad_tree_node_capacity": 16, "r_tree_linear_node_capacity": 16, "r_tree_quadratic_node_capacity": 16, "grid_dimension_size": 2500, "kd_tree_max_depth": 14, "quad_tree_max_depth": 14, "space_size": 10000, "num_entries": 100000}, "uniform": {"count": 100, "value": {"kd_tree": 0.0005212879180908203, "quad_tree": 4.669189453125e-05, "grid": 0.00012805938720703125, "r_tree_l": 7.847547531127929e-05, "r_tree_q": 7.893800735473632e-05, "brute_force": 0.011978824138641358}}, "sparse": {"count": 100, "value": {"kd_tree": 1.8224716186523437e-05, "quad_tree": 1.40380859375e-05, "grid": 8.53729248046875e-05, "r_tree_l": 1.469135284423828e-05, "r_tree_q": 1.4007091522216797e-05, "brute_force": 4.14586067199707e-05}}, "tight": {"count": 100, "value": {"kd_tree": 0.00037274360656738283, "quad_tree": 0.0002566719055175781, "grid": 0.00034032344818115236, "r_tree_l": 0.0006332111358642578, "r_tree_q": 0.00047122716903686524, "brute_force": 0.11997931003570557}}}